Original,Corrected
grammar: hello my name is John and I will go to the market tomorrow,"Hello, my name is John and I will go to the market tomorrow."
grammar: this is a reminder to finish your assignment by Friday,This is a reminder to finish your assignment by Friday.
grammar: please call me when you arrive at the airport,Please call me when you arrive at the airport.
grammar: don't forget to schedule the meeting for next week,Don't forget to schedule the meeting for next week.
grammar: I have sent the documents to your email,I have sent the documents to your email.
grammar: today is a great day to start something new,Today is a great day to start something new.
grammar: the weather is Sunny let's go for a walk,"The weather is Sunny, let's go for a walk."
grammar: can you help me with my project please,Can you help me with my project please?
grammar: remember to water the plants in the backyard,Remember to water the plants in the backyard.
grammar: the train will leave at 6 in the evening,The train will leave at 6 in the evening.
grammar: Nottingham Castle was reached and admittance was demanded,Nottingham Castle was reached and admission was demanded.
grammar: master monsoon the share of Nottingham was widely put about untold of the writing,"Master monsoon, the share of Nottingham was widely put about untold of the writing."
grammar: and Henry my return to England at any moment,Henry my return to England at any moment.
grammar: have your will child if the boy also will sit answer feeling too old to propose anything very strongly just then,Have your will child if the boy also will sit answer feeling too old to propose anything very strongly just then.
grammar: human effort the highest condition from the mall and Robin faltu finger tighten up on his arm,Human effort the highest condition from the mall and Robin faltu finger tighten up on his arm.
grammar: make me a room of the share of child quick,Make me a room of the share of child quick.
grammar: but who is the spell prokaryotes,But who are the spell prokaryotes?
grammar: is My SQL Excellency returned Robin with dignity,My SQL Excellency returned Robin with dignity.
grammar: mistress fitting carried out for the stars daughter and her marriage under the house of the problem alone have the care of notice,Mistress fitting carried out for the stars daughter and her marriage under the house of the problem alone have the care of notice.
grammar: left to their own devices,Left to their own devices.
grammar: The Wanted certainly bring back the colour to the squares cheek,The Wanted certainly bring back the colour to the squares cheeks.
grammar: these escapes are not for old game well that his day has come to twilight,These escapes are not for old game well that his day has come to twilight.
grammar: would you forgive me now,Would you forgive me now?
grammar: it will be no disappointment to me,It will be no disappointment to me.
grammar: no thanks I am glad to give you such easy happiness,"No thanks, I am glad to give you such easy happiness."
grammar: you are worthy lead to well presently Whisper problem the wind is work tomorrow,You are worthy lead to well presently Whisper problem the wind is working tomorrow.
grammar: I am show you some pretty tricks,I am showing you some pretty tricks.
grammar: you begin a confused complaint against the wizard would vanish behind the curtain on the left,You begin a confused complaint against the wizard would vanish behind the curtain on the left.
grammar: Girnar to ernesto mind to these memories,Girnar to ernesto mind to these memories.
grammar: a Golden fortune and a happy life,A Golden fortune and a happy life.
grammar: he would like to my father in a way and it was not my father,He would like to my father in a way and it was not my father.
grammar: also there was a stripping page who turned into a ma,Also there was a stripping page who turned into a maze.
grammar: this was so sweet lady sir and in some manner I do think she died,"This was so sweet lady sir, and in some manner I do think she died."
grammar: open the picture was gone as quickly as a game,Open the picture was gone as quickly as a game.
grammar: sister nail do you hear these Marvel,Do you hear these Marvel movies?
grammar: take your place and let us see what the Crystal can show to you,Take your place and let us see what the Crystal can show to you.
grammar: like is not Young Master though I am in old man,Like is not a Young Master though I am an old man.
grammar: fourth with orange to the opening of the 10 to see what my BMS the master will to keep the first needed no more than one glands,Fourth with orange to the opening of the 10 to see what my BMS the master will to keep the first needed no more than one gland.
grammar: the square and mistress used to the way of the Dead,The square and the mistress used to the way of the Dead.
grammar: price of Nottingham Nottingham,Nottingham Nottingham Nottingham Nottingham Nottingham Nottingham Nottingham Nottingham Nottingham Nottingham Nottingham Nottingham Nottingham Nottingham Nottingham Nottingham Nottingham Nottingham Nottingham Nottingham Nottingham Nottingham Nottingham Nottingham Nottingham Nottingham Nottingham Nottingham Nottingham Nottingham Nottingham Nottingham Nottingham Nottingham Nottingham Nottingham Nottingham Nottingham Nottingham Nottingham Nottingham Nottingham Nottingham Nottingham Nottingham Nottingham Nottingham Nottingham Nottingham Nottingham Nottingham Nottingham Nottingham Nottingham Nottingham Nottingham Nottingham Nottingham Nottingham Nottingham Nottingham Nottingham Nottingham Nottingham Nottingham Nottingham Nottingham Nottingham Nottingham Nottingham Nottingham Nottingham Nottingham Nottingham Nottingham Nottingham Nottingham Nottingham Nottingham Nottingham Nottingham Nottingham Nottingham Nottingham Nottingham Nottingham Nottingham Nottingham Nottingham Nottingham Nottingham Nottingham Nottingham Nottingham Nottingham Nottingham Nottingham Nottingham Nottingham Nottingham Nottingham Nottingham Nottingham Nottingham Nottingham Nottingham Nottingham Nottingham Nottingham Nottingham Nottingham Nottingham Nottingham
grammar: before them for the stroller and his three sons Kapasan terrified,Before them for the stroller and his three sons Kapasan terrified them.
grammar: what is the tomato riding cried out the square authoritatively and he blue twice on the surface of water is built,What is the tomato riding cried out the square authoritatively and he blue twice on the surface of water is built.
grammar: most Noble satellite,Most Noble satellite is a satellite.
grammar: and what is natural person,And what is a natural person?
grammar: I could not see my boy introduction for but doing his duty as one of computer and son,I could not see my boy introduction for but doing his duty as a computer and son.
grammar: so I did push this fellow,So I did push this fellow.
grammar: it is enough that was game was shortly as he turned upon the,It is enough that the game was shortly as he turned upon the game.
grammar: shame on you citizens criteria I blush for my fellows of Nottingham,Shame on you citizens criteria I blush for my fellows of Nottingham.
grammar: surely we can submit with good grace,Surely we can submit with good grace.
grammar: just fine for you to talk old man enter the links on the,"Just fine for you to talk old man, enter the links on the left."
grammar: but I resolved with this fellow and do know that he played on fairly in the second part,But I resolved with this fellow and do know that he played on fairly in the second part.
grammar: spoke the square using operation,The square was spoken using operation.
grammar: come to me man here here he raised his voice to lo,"Come to me, man, here he raised his voice to me."
grammar: the strongest of their partner with heart disease now they had some changes beting after force,The strongest partner with heart disease now they had some changes after force.
grammar: between them try to force the square to stand back and very value to these two component themselves,Between them try to force the square to stand back and very value to these two components themselves.
grammar: the head and Chief of the right denoting hammer practice with clutch first 13 months,The head and Chief of the right denoting hammer practice with clutch first 13 months.
grammar: the square of The thrust the mall in Android quickly him,The square of The thrust the mall in Android quickly him.
grammar: now be silent on your lives he began but the captured apprentice set up an instant SHO,Now be silent on your lives he began but the captured apprentice set up an instant SHO.
grammar: silence you name criminal,Silence you name criminal.
grammar: black cloth the square was quite out of,The square was quite out of shape.
grammar: trusting open the proper entrance of the tent robinson's rust forward with his burden with the great shot,"Trusting open the proper entrance of the tent, Robin's rust forward with his burden with the great shot."
grammar: camel to the rescue,Camel to the rescue!
grammar: taking advantage of the squares human be doubled their efforts and encouraged by Robbins in the Little Scholars cries faster way to him,Taking advantage of the squares human be doubled their efforts and encouraged by Robbins in the Little Scholars cries faster way to him.
grammar: Doraemon future will never forget this day,Doraemon future will never forget this day.
grammar: what is your name loading as a Little Scholar presently,What is your name loading as a Little Scholar presently?
grammar: Robinson,Robinson. Robinson. Robinson. Robinson. Robinson. Robinson. Robinson. Robinson. Robinson. Robinson. Robinson. Robinson. Robinson. Robinson. Robinson. Robinson. Robinson. Robinson. Robinson. Robinson. Robinson. Robinson. Robinson. Robinson. Robinson. Robinson. Robinson. Robinson. Robinson. Robinson. Robinson. Robinson. Robinson. Robinson. Robinson. Robinson. Robinson. Robinson. Robinson. Robinson. Robinson. Robinson. Robinson. Robinson. Robinson. Robinson. Robinson. Robinson. Robinson. Robinson. Robinson. Robinson. Robinson. Robinson. Robinson. Robinson. Robinson
grammar: shall we become friends,So shall we become friends?
grammar: right willingly for between us we have won the battle Angel Broking,"Right willingly, for between us we have won the battle Angel Broking."
grammar: I like you will you are the second world that I have not unlike with in 2 days is there a sign in that,I like you will you are the second world that I have not unlike with in 2 days is there a sign in that?
grammar: motorcycle,Motorcycles are a great way to get around.
grammar: friends sad motivational status for the shares house,Friends sad motivational status for the shares house.
grammar: I will not be safe for you to stay here now,I will not be safe for you to stay here now.
grammar: free followers with mine in My Lord Jesus man,Free followers with mine in My Lord Jesus man.
